62901,Carbondale,Illinois
46376,Schneider,Indiana
30529,Commerce,Georgia
72571,Rosie,Arkansas
80104,Castle Rock,Colorado
91042,Tujunga,California
52041,Earlville,Iowa
33162,Miami,Florida
86426,Fort Mohave,Arizona
80820,Guffey,Colorado
62943,Grantsburg,Illinois
62684,Sherman,Illinois
47360,Mooreland,Indiana
46121,Coatesville,Indiana
62824,Clay City,Illinois
30277,Sharpsburg,Georgia
50244,Slater,Iowa
71602,White Hall,Arkansas
33847,Homeland,Florida
39834,Climax,Georgia
32927,Cocoa,Florida
61870,Ridge Farm,Illinois
96058,Macdoel,California
62884,Sesser,Illinois
60932,East Lynn,Illinois
30078,Snellville,Georgia
62320,Camp Point,Illinois
33035,Homestead,Florida
60613,Chicago,Illinois
62530,Divernon,Illinois
51573,Stanton,Iowa
31216,Macon,Georgia
61252,Fulton,Illinois
50515,Ayrshire,Iowa
32925,Patrick Afb,Florida
94601,Oakland,California
85354,Tonopah,Arizona
34609,Spring Hill,Florida
30523,Clarkesville,Georgia
34210,Bradenton,Florida
80652,Roggen,Colorado
52776,West Liberty,Iowa
52571,Moravia,Iowa
96132,Termo,California
20390,Washington,District of Columbia
91106,Pasadena,California
94947,Novato,California
30339,Atlanta,Georgia
32164,Palm Coast,Florida
81240,Penrose,Colorado
72852,Oark,Arkansas
95337,Manteca,California
50231,Randall,Iowa
86042,Polacca,Arizona
46347,Kouts,Indiana
80816,Florissant,Colorado
47469,West Baden Springs,
85251,Scottsdale,Arizona
94107,San Francisco,California
91203,Glendale,California
52737,Columbus City,Iowa
46324,Hammond,Indiana
62358,Niota,Illinois
50851,Lenox,Iowa
92008,Carlsbad,California
61274,Osco,Illinois
95425,Cloverdale,California
47434,Harrodsburg,Indiana
85192,Winkelman,Arizona
30755,Tunnel Hill,Georgia
30113,Buchanan,Georgia
6066,Vernon Rockville,Connecticut
80615,Eaton,Colorado
62888,Tamaroa,Illinois
83616,Eagle,Idaho
92624,Capistrano Beach,California
50654,Masonville,Iowa
81332,Rico,Colorado
95231,French Camp,California
32359,Steinhatchee,Florida
52569,Melrose,Iowa
46310,Demotte,Indiana
72383,Turner,Arkansas
96103,Blairsden-graeagle,
30341,Atlanta,Georgia
32754,Mims,Florida
33778,Largo,Florida
93004,Ventura,California
51031,Le Mars,Iowa
61742,Goodfield,Illinois
32780,Titusville,Florida
30473,Uvalda,Georgia
30410,Ailey,Georgia
52555,Exline,Iowa
31701,Albany,Georgia
51005,Aurelia,Iowa
60551,Sheridan,Illinois
95388,Winton,California
80229,Denver,Colorado
61570,Washburn,Illinois
80433,Conifer,Colorado
90240,Downey,California
62571,Tower Hill,Illinois
30728,La Fayette,Georgia
50864,Villisca,Iowa
60423,Frankfort,Illinois
46590,Winona Lake,Indiana
33169,Miami,Florida
62049,Hillsboro,Illinois
52208,Belle Plaine,Iowa
94957,Ross,California
33136,Miami,Florida
30545,Helen,Georgia
61242,Cordova,Illinois
81242,Poncha Springs,Colorado
96761,Lahaina,Hawaii
95547,Hydesville,California
91343,North Hills,California
47983,Stockwell,Indiana
32024,Lake City,Florida
72432,Harrisburg,Arkansas
30467,Sylvania,Georgia
62087,South Roxana,Illinois
94512,Birds Landing,California
81410,Austin,Colorado
50238,Russell,Iowa
33062,Pompano Beach,Florida
91915,Chula Vista,California
31771,Norman Park,Georgia
93449,Pismo Beach,California
93240,Lake Isabella,California
30557,Martin,Georgia
62666,Middletown,Illinois
94070,San Carlos,California
47340,Farmland,Indiana
6262,Quinebaug,Connecticut
92887,Yorba Linda,California
93631,Kingsburg,California
86433,Oatman,Arizona
93930,King City,California
50208,Newton,Iowa
47584,Spurgeon,Indiana
81615,Snowmass Village,Colorado
61740,Flanagan,Illinois
72118,North Little Rock,
72520,Camp,Arkansas
81623,Carbondale,Colorado
96113,Herlong,California
85085,Phoenix,Arizona
6384,Voluntown,Connecticut
50153,Lynnville,Iowa
6370,Oakdale,Connecticut
92024,Encinitas,California
31007,Byromville,Georgia
94965,Sausalito,California
80005,Arvada,Colorado
34470,Ocala,Florida
62610,Alsey,Illinois
50420,Alexander,Iowa
94547,Hercules,California
46181,Trafalgar,Indiana
6026,East Granby,Connecticut
90017,Los Angeles,California
60043,Kenilworth,Illinois
30215,Fayetteville,Georgia
33936,Lehigh Acres,Florida
52216,Clarence,Iowa
72176,Ward,Arkansas
83815,Coeur D Alene,Idaho
47959,Monon,Indiana
60474,South Wilmington,Illinois
30701,Calhoun,Georgia
50634,Gilbertville,Iowa
80631,Greeley,Colorado
6785,South Kent,Connecticut
47940,Darlington,Indiana
72513,Ash Flat,Arkansas
46760,Kimmell,Indiana
52341,Toddville,Iowa
31623,Argyle,Georgia
30275,Sargent,Georgia
34491,Summerfield,Florida
33763,Clearwater,Florida
60653,Chicago,Illinois
61377,Wenona,Illinois
94041,Mountain View,California
30034,Decatur,Georgia
31630,Du Pont,Georgia
72126,Perryville,Arkansas
46148,Knightstown,Indiana
95709,Camino,California
19936,Cheswold,Delaware
81024,Boncarbo,Colorado
52254,Lost Nation,Iowa
66058,Muscotah,Kansas
33001,Long Key,Florida
32708,Winter Springs,Florida
6883,Weston,Connecticut
30104,Aragon,Georgia
61919,Camargo,Illinois
83283,Thatcher,Idaho
47841,Clay City,Indiana
83622,Garden Valley,Idaho
31567,West Green,Georgia
30720,Dalton,Georgia
80453,Idledale,Colorado
93455,Santa Maria,California
93207,California Hot Sprin,
62035,Godfrey,Illinois
80457,Kittredge,Colorado
60503,Aurora,Illinois
81248,Sargents,Colorado
80720,Akron,Colorado
52588,Selma,Iowa
61323,Dover,Illinois
83316,Buhl,Idaho
62065,Michael,Illinois
80721,Amherst,Colorado
62053,Kampsville,Illinois
52052,Guttenberg,Iowa
95699,Drytown,California
95682,Shingle Springs,California
80836,Stratton,Colorado
32509,Pensacola,Florida
50857,Nodaway,Iowa
81067,Rocky Ford,Colorado
96818,Honolulu,Hawaii
91950,National City,California
60515,Downers Grove,Illinois
94305,Stanford,California
85615,Hereford,Arizona
47558,Montgomery,Indiana
62841,Freeman Spur,Illinois
6762,Middlebury,Connecticut
50560,Lu Verne,Iowa
94933,Forest Knolls,California
47385,Spiceland,Indiana
51007,Bronson,Iowa
50120,Haverhill,Iowa
32951,Melbourne Beach,Florida
30206,Concord,Georgia
93925,Chualar,California
83627,Hammett,Idaho
50027,Barnes City,Iowa
52550,Delta,Iowa
86545,Rock Point,Arizona
52751,Grand Mound,Iowa
94938,Lagunitas,California
93553,Pearblossom,California
32656,Keystone Heights,Florida
31016,Culloden,Georgia
72103,Mabelvale,Arkansas
81501,Grand Junction,Colorado
93242,Laton,California
46118,Clayton,Indiana
80924,Colorado Springs,Colorado
32204,Jacksonville,Florida
85201,Mesa,Arizona
52747,Durant,Iowa
52728,Buffalo,Iowa
31906,Columbus,Georgia
50116,Hamilton,Iowa
93260,Posey,California
96038,Grenada,California
51555,Missouri Valley,Iowa
85706,Tucson,Arizona
32626,Chiefland,Florida
52335,South English,Iowa
50254,Thayer,Iowa
33924,Captiva,Florida
32968,Vero Beach,Florida
32607,Gainesville,Florida
31823,Pine Mountain Valley,
39845,Donalsonville,Georgia
85381,Peoria,Arizona
81023,Beulah,Colorado
83254,Montpelier,Idaho
67801,Dodge City,Kansas
91763,Montclair,California
32162,The Villages,Florida
47868,Poland,Indiana
51026,Hornick,Iowa
80442,Fraser,Colorado
93722,Fresno,California
52228,Fairfax,Iowa
33521,Coleman,Florida
66748,Humboldt,Kansas
50167,Minburn,Iowa
46704,Arcola,Indiana
62907,Ava,Illinois
72828,Briggsville,Arkansas
30004,Alpharetta,Georgia
33744,Bay Pines,Florida
71865,Wilton,Arkansas
20037,Washington,District of Columbia
67625,Bogue,Kansas
85029,Phoenix,Arizona
80914,Colorado Springs,Colorado
61320,Dalzell,Illinois
95350,Modesto,California
85924,Concho,Arizona
93226,Glennville,California
62294,Troy,Illinois
6114,Hartford,Connecticut
32065,Orange Park,Florida
61605,Peoria,Illinois
52336,Springville,Iowa
95841,Sacramento,California
30734,Ranger,Georgia
52202,Alburnett,Iowa
83354,Sun Valley,Idaho
67144,Towanda,Kansas
51631,Braddyville,Iowa
72959,Winslow,Arkansas
92595,Wildomar,California
32835,Orlando,Florida
33165,Miami,Florida
93013,Carpinteria,California
95606,Brooks,California
60410,Channahon,Illinois
6070,Simsbury,Connecticut
72856,Pelsor,Arkansas
80612,Carr,Colorado
72434,Imboden,Arkansas
46771,Mongo,Indiana
96120,Markleeville,California
51572,Soldier,Iowa
80477,Steamboat Springs,
6078,Suffield,Connecticut
72206,Little Rock,Arkansas
86033,Kayenta,Arizona
94102,San Francisco,California
72553,Magness,Arkansas
50430,Corwith,Iowa
81650,Rifle,Colorado
33455,Hobe Sound,Florida
81624,Collbran,Colorado
91948,Mount Laguna,California
80863,Woodland Park,Colorado
80498,Silverthorne,Colorado
50212,Ogden,Iowa
90210,Beverly Hills,California
46048,Ingalls,Indiana
33158,Miami,Florida
96863,M C B H Kaneohe Bay,
51006,Battle Creek,Iowa
46992,Wabash,Indiana
96073,Palo Cedro,California
46740,Geneva,Indiana
61333,Long Point,Illinois
6804,Brookfield,Connecticut
83706,Boise,Idaho
72908,Fort Smith,Arkansas
83839,Kingston,Idaho
33157,Miami,Florida
71933,Bonnerdale,Arkansas
60619,Chicago,Illinois
93669,Wishon,California
62671,New Holland,Illinois
30683,Winterville,Georgia
61256,Hampton,Illinois
34683,Palm Harbor,Florida
95922,Camptonville,California
91361,Westlake Village,California
47863,New Goshen,Indiana
72082,Kensett,Arkansas
61863,Pesotum,Illinois
72438,Leachville,Arkansas
93452,San Simeon,California
33407,West Palm Beach,Florida
52305,Martelle,Iowa
61041,Hanover,Illinois
62207,East Saint Louis,Illinois
34237,Sarasota,Florida
31058,Mauk,Georgia
62526,Decatur,Illinois
96109,Doyle,California
51346,Hartley,Iowa
72522,Charlotte,Arkansas
31314,Fort Stewart,Georgia
31560,Screven,Georgia
47581,Shoals,Indiana
92883,Corona,California
51571,Silver City,Iowa
71859,Saratoga,Arkansas
95527,Burnt Ranch,California
19941,Ellendale,Delaware
61871,Royal,Illinois
92321,Cedar Glen,California
51350,Melvin,Iowa
30082,Smyrna,Georgia
33442,Deerfield Beach,Florida
60408,Braidwood,Illinois
51010,Castana,Iowa
60475,Steger,Illinois
93531,Keene,California
71730,El Dorado,Arkansas
47453,Owensburg,Indiana
62002,Alton,Illinois
71913,Hot Springs National,
93950,Pacific Grove,California
6016,Broad Brook,Connecticut
95237,Lockeford,California
34442,Hernando,Florida
92672,San Clemente,California
95492,Windsor,California
72201,Little Rock,Arkansas
72031,Clinton,Arkansas
60448,Mokena,Illinois
81430,Placerville,Colorado
95816,Sacramento,California
93664,Shaver Lake,California
80122,Littleton,Colorado
90241,Downey,California
96034,Gazelle,California
91702,Azusa,California
31789,Sumner,Georgia
50439,Goodell,Iowa
93624,Five Points,California
66418,Delia,Kansas
30233,Jackson,Georgia
61091,Woosung,Illinois
66732,Elsmore,Kansas
61364,Streator,Illinois
33068,Pompano Beach,Florida
51652,Sidney,Iowa
62987,Stonefort,Illinois
81001,Pueblo,Colorado
60920,Campus,Illinois
31709,Americus,Georgia
50633,Geneva,Iowa
62976,Pulaski,Illinois
32117,Daytona Beach,Florida
19707,Hockessin,Delaware
51445,Ida Grove,Iowa
93513,Big Pine,California
34450,Inverness,Florida
83285,Wayan,Idaho
72567,Pleasant Grove,Arkansas
30752,Trenton,Georgia
47847,Dana,Indiana
33476,Pahokee,Florida
47455,Patricksburg,Indiana
90001,Los Angeles,California
6469,Moodus,Connecticut
46301,Beverly Shores,Indiana
61438,Good Hope,Illinois
46011,Anderson,Indiana
92337,Fontana,California
92267,Parker Dam,California
81141,Manassa,Colorado
90660,Pico Rivera,California
72821,Altus,Arkansas
95463,Navarro,California
34232,Sarasota,Florida
62643,Hartsburg,Illinois
66860,Madison,Kansas
33403,West Palm Beach,Florida
83548,Reubens,Idaho
83836,Hope,Idaho
94028,Portola Valley,California
85551,Solomon,Arizona
51363,Superior,Iowa
81133,Fort Garland,Colorado
6413,Clinton,Connecticut
83336,Heyburn,Idaho
33618,Tampa,Florida
46792,Warren,Indiana
51440,Dedham,Iowa
93551,Palmdale,California
46115,Carthage,Indiana
72542,Hardy,Arkansas
34996,Stuart,Florida
33635,Tampa,Florida
33129,Miami,Florida
72717,Canehill,Arkansas
19902,Dover Afb,Delaware
52802,Davenport,Iowa
46407,Gary,Indiana
92549,Idyllwild,California
50648,Jesup,Iowa
95556,Orleans,California
72950,Parks,Arkansas
92618,Irvine,California
62501,Argenta,Illinois
96708,Haiku,Hawaii
19733,Saint Georges,Delaware
31316,Ludowici,Georgia
86403,Lake Havasu City,Arizona
81504,Grand Junction,Colorado
6090,West Granby,Connecticut
85003,Phoenix,Arizona
80624,Gill,Colorado
47948,Goodland,Indiana
52626,Farmington,Iowa
46039,Forest,Indiana
6359,North Stonington,Connecticut
31747,Ellenton,Georgia
30168,Austell,Georgia
91905,Boulevard,California
61344,Mineral,Illinois
92056,Oceanside,California
51046,Paullina,Iowa
30054,Oxford,Georgia
62346,La Prairie,Illinois
32445,Malone,Florida
61775,Strawn,Illinois
80487,Steamboat Springs,
81321,Cortez,Colorado
96734,Kailua,Hawaii
30218,Gay,Georgia
32079,Penney Farms,Florida
52323,Oxford Junction,Iowa
90004,Los Angeles,California
86443,Temple Bar Marina,
32310,Tallahassee,Florida
32091,Starke,Florida
6039,Lakeville,Connecticut
71839,Garland City,Arkansas
47833,Bowling Green,Indiana
62288,Steeleville,Illinois
67642,Hill City,Kansas
46975,Rochester,Indiana
33313,Fort Lauderdale,Florida
61955,Vermilion,Illinois
50130,Jewell,Iowa
83348,Picabo,Idaho
95757,Elk Grove,California
92107,San Diego,California
71842,Horatio,Arkansas
50034,Blairsburg,Iowa
72469,Strawberry,Arkansas
34653,New Port Richey,Florida
90010,Los Angeles,California
93401,San Luis Obispo,California
72760,Saint Paul,Arkansas
62803,Hoyleton,Illinois
6235,Chaplin,Connecticut
6606,Bridgeport,Connecticut
33181,Miami,Florida
47025,Lawrenceburg,Indiana
60041,Ingleside,Illinois
32043,Green Cove Springs,
61938,Mattoon,Illinois
6754,Cornwall Bridge,Connecticut
30470,Tarrytown,Georgia
31094,Warthen,Georgia
95315,Delhi,California
32038,Fort White,Florida
83654,New Meadows,Idaho
33982,Punta Gorda,Florida
33145,Miami,Florida
6088,East Windsor,Connecticut
62254,Lebanon,Illinois
62355,Nebo,Illinois
72014,Beedeville,Arkansas
60450,Morris,Illinois
61484,Vermont,Illinois
47725,Evansville,Indiana
50067,Decatur,Iowa
61028,Elizabeth,Illinois
62690,Virden,Illinois
32578,Niceville,Florida
31523,Brunswick,Georgia
47167,Salem,Indiana
32805,Orlando,Florida
93033,Oxnard,California
31774,Ocilla,Georgia
50171,Montezuma,Iowa
66515,Morrill,Kansas
80116,Franktown,Colorado
46745,Hoagland,Indiana
33167,Miami,Florida
61239,Carbon Cliff,Illinois
32087,Sanderson,Florida
50613,Cedar Falls,Iowa
33016,Hialeah,Florida
33704,Saint Petersburg,Florida
80231,Denver,Colorado
96035,Gerber,California
61275,Port Byron,Illinois
93060,Santa Paula,California
83846,Mullan,Idaho
60712,Lincolnwood,Illinois
61037,Galt,Illinois
66711,Arcadia,Kansas
60031,Gurnee,Illinois
30513,Blue Ridge,Georgia
90605,Whittier,California
95660,North Highlands,California
85009,Phoenix,Arizona
47201,Columbus,Indiana
90704,Avalon,California
32003,Fleming Island,Florida
30802,Appling,Georgia
61928,Gays,Illinois
50428,Clear Lake,Iowa
72367,Mellwood,Arkansas
93616,Del Rey,California
33974,Lehigh Acres,Florida
66516,Netawaka,Kansas
31217,Macon,Georgia
46785,Saint Joe,Indiana
83833,Harrison,Idaho
50655,Maynard,Iowa
90803,Long Beach,California
72762,Springdale,Arkansas
50668,Readlyn,Iowa
80516,Erie,Colorado
94950,Olema,California
93267,Strathmore,California
31711,Andersonville,Georgia
92004,Borrego Springs,California
34711,Clermont,Florida
34602,Brooksville,Florida
90033,Los Angeles,California
60536,Millbrook,Illinois
6091,West Hartland,Connecticut
50585,Sioux Rapids,Iowa
83830,Fernwood,Idaho
33027,Hollywood,Florida
6477,Orange,Connecticut
85352,Tacna,Arizona
33884,Winter Haven,Florida
33037,Key Largo,Florida
30222,Greenville,Georgia
6450,Meriden,Connecticut
31634,Homerville,Georgia
80022,Commerce City,Colorado
85328,Cibola,Arizona
32535,Century,Florida
6897,Wilton,Connecticut
61036,Galena,Illinois
95503,Eureka,California
51455,Manning,Iowa
62532,Elwin,Illinois
60457,Hickory Hills,Illinois
80432,Como,Colorado
83342,Malta,Idaho
93604,Bass Lake,California
30912,Augusta,Georgia
46902,Kokomo,Indiana
46140,Greenfield,Indiana
67880,Ulysses,Kansas
62082,Roodhouse,Illinois
50475,Sheffield,Iowa
61822,Champaign,Illinois
94607,Oakland,California
95316,Denair,California
32776,Sorrento,Florida
95318,El Portal,California
52342,Toledo,Iowa
30101,Acworth,Georgia
91604,Studio City,California
95385,Vernalis,California
94937,Inverness,California
31787,Smithville,Georgia
95540,Fortuna,California
34797,Yalaha,Florida
92625,Corona Del Mar,California
46051,Lapel,Indiana
32257,Jacksonville,Florida
91710,Chino,California
52570,Milton,Iowa
34488,Silver Springs,Florida
71827,Buckner,Arkansas
85736,Tucson,Arizona
34691,Holiday,Florida
32563,Gulf Breeze,Florida
83666,Placerville,Idaho
92025,Escondido,California
61814,Bismarck,Illinois
80648,Nunn,Colorado
81019,Colorado City,Colorado
47369,Pennville,Indiana
90621,Buena Park,California
52649,Salem,Iowa
67020,Burrton,Kansas
72628,Deer,Arkansas
86045,Tuba City,Arizona
93610,Chowchilla,California
33013,Hialeah,Florida
33541,Zephyrhills,Florida
30135,Douglasville,Georgia
46110,Boggstown,Indiana
33154,Miami Beach,Florida
47456,Quincy,Indiana
6409,Centerbrook,Connecticut
47850,Farmersburg,Indiana
30464,Stillmore,Georgia
60963,Rossville,Illinois
91803,Alhambra,California
32449,Wewahitchka,Florida
96059,Manton,California
34241,Sarasota,Florida
6854,Norwalk,Connecticut
62677,Pleasant Plains,Illinois
47260,Medora,Indiana
32139,Georgetown,Florida
81027,Branson,Colorado
50309,Des Moines,Iowa
62232,Caseyville,Illinois
94509,Antioch,California
62058,Livingston,Illinois
6612,Easton,Connecticut
61358,Rutland,Illinois
83464,Leadore,Idaho
62675,Petersburg,Illinois
60184,Wayne,Illinois
72079,Jefferson,Arkansas
30093,Norcross,Georgia
81325,Egnar,Colorado
66429,Grantville,Kansas
61776,Towanda,Illinois
61753,Lexington,Illinois
96797,Waipahu,Hawaii
31554,Nicholls,Georgia
50455,Mc Intire,Iowa
62001,Alhambra,Illinois
60707,Elmwood Park,Illinois
72947,Mulberry,Arkansas
33873,Wauchula,Florida
61071,Rock Falls,Illinois
46268,Indianapolis,Indiana
50511,Algona,Iowa
46506,Bremen,Indiana
95234,Holt,California
32667,Micanopy,Florida
46774,New Haven,Indiana
95303,Ballico,California
93615,Cutler,California
60458,Justice,Illinois
51033,Linn Grove,Iowa
62689,Thayer,Illinois
62694,Winchester,Illinois
95717,Gold Run,California
47802,Terre Haute,Indiana
61049,Lindenwood,Illinois
32218,Jacksonville,Florida
80203,Denver,Colorado
93657,Sanger,California
62311,Augusta,Illinois
31757,Thomasville,Georgia
32464,Westville,Florida
46239,Indianapolis,Indiana
91941,La Mesa,California
95824,Sacramento,California
92131,San Diego,California
32211,Jacksonville,Florida
62938,Golconda,Illinois
81654,Snowmass,Colorado
30619,Arnoldsville,Georgia
67450,Holyrood,Kansas
83856,Priest River,Idaho
81320,Cahone,Colorado
96701,Aiea,Hawaii
95680,Ryde,California
47805,Terre Haute,Indiana
81521,Fruita,Colorado
6059,North Canton,Connecticut
32789,Winter Park,Florida
62548,Mount Pulaski,Illinois
80302,Boulder,Colorado
52156,Luana,Iowa
62928,Eddyville,Illinois
85626,Pirtleville,Arizona
72360,Marianna,Arkansas
51577,Walnut,Iowa
46974,Roann,Indiana
80744,Ovid,Colorado
60511,Big Rock,Illinois
67490,Wilson,Kansas
30097,Duluth,Georgia
51442,Denison,Iowa
92113,San Diego,California
61761,Normal,Illinois
66091,Welda,Kansas
62633,Easton,Illinois
32168,New Smyrna Beach,Florida
95459,Manchester,California
30105,Armuchee,Georgia
47926,Burnettsville,Indiana
80910,Colorado Springs,Colorado
95553,Miranda,California
94103,San Francisco,California
95324,Hilmar,California
30820,Mitchell,Georgia
46721,Butler,Indiana
52801,Davenport,Iowa
62682,San Jose,Illinois
95060,Santa Cruz,California
90401,Santa Monica,California
32568,Mc David,Florida
61231,Aledo,Illinois
47386,Springport,Indiana
62023,Eagarville,Illinois
32327,Crawfordville,Florida
80525,Fort Collins,Colorado
92021,El Cajon,California
50538,Farnhamville,Iowa
61479,Speer,Illinois
67843,Fort Dodge,Kansas
62243,Freeburg,Illinois
51058,Sutherland,Iowa
61465,New Windsor,Illinois
72342,Helena,Arkansas
60462,Orland Park,Illinois
62817,Broughton,Illinois
80011,Aurora,Colorado
60002,Antioch,Illinois
60563,Naperville,Illinois
32801,Orlando,Florida
72007,Austin,Arkansas
33182,Miami,Florida
86503,Chinle,Arizona
60471,Richton Park,Illinois
62867,New Haven,Illinois
30143,Jasper,Georgia
94597,Walnut Creek,California
46032,Carmel,Indiana
72476,Walnut Ridge,Arkansas
32140,Florahome,Florida
67749,Oberlin,Kansas
52314,Mount Vernon,Iowa
34769,Saint Cloud,Florida
92210,Indian Wells,California
80031,Westminster,Colorado
62982,Rosiclare,Illinois
20009,Washington,District of Columbia
46808,Fort Wayne,Indiana
62324,Clayton,Illinois
47436,Heltonville,Indiana
72838,Gravelly,Arkansas
60955,Onarga,Illinois
50604,Aplington,Iowa
31830,Warm Springs,Georgia
50464,Plymouth,Iowa
30607,Athens,Georgia
95825,Sacramento,California
33406,West Palm Beach,Florida
50836,Blockton,Iowa
92105,San Diego,California
32784,Umatilla,Florida
72165,Thida,Arkansas
6264,Scotland,Connecticut
51355,Okoboji,Iowa
83210,Aberdeen,Idaho
61956,Villa Grove,Illinois
81125,Center,Colorado
6610,Bridgeport,Connecticut
34983,Port Saint Lucie,Florida
50147,Lineville,Iowa
62325,Coatsburg,Illinois
46573,Wakarusa,Indiana
62092,White Hall,Illinois
32145,Hastings,Florida
50573,Plover,Iowa
34243,Sarasota,Florida
6811,Danbury,Connecticut
67865,Minneola,Kansas
20053,Washington,District of Columbia
95726,Pollock Pines,California
90270,Maywood,California
34448,Homosassa,Florida
90064,Los Angeles,California
47924,Buck Creek,Indiana
61015,Chana,Illinois
34465,Beverly Hills,Florida
83628,Homedale,Idaho
51443,Glidden,Iowa
85137,Kearny,Arizona
91722,Covina,California
86333,Mayer,Arizona
33004,Dania,Florida
96096,Whitmore,California
71667,Star City,Arkansas
33178,Miami,Florida
60952,Melvin,Illinois
47920,Battle Ground,Indiana
83827,Elk River,Idaho
95923,Canyon Dam,California
60048,Libertyville,Illinois
61857,Muncie,Illinois
95634,Georgetown,California
95336,Manteca,California
46764,Larwill,Indiana
83712,Boise,Idaho
34233,Sarasota,Florida
20540,Washington,District of Columbia
95742,Rancho Cordova,California
71834,Doddridge,Arkansas
61850,Indianola,Illinois
95310,Columbia,California
92707,Santa Ana,California
30070,Porterdale,Georgia
67671,Victoria,Kansas
6256,North Windham,Connecticut
92003,Bonsall,California
62201,East Saint Louis,Illinois
66869,Strong City,Kansas
60564,Naperville,Illinois
60532,Lisle,Illinois
33815,Lakeland,Florida
60657,Chicago,Illinois
19940,Delmar,Delaware
91325,Northridge,California
50543,Gowrie,Iowa
46260,Indianapolis,Indiana
32766,Oviedo,Florida
50540,Fonda,Iowa
60958,Pembroke Township,
6023,East Berlin,Connecticut
95412,Annapolis,California
95490,Willits,California
83234,Downey,Idaho
50023,Ankeny,Iowa
96074,Paskenta,California
33703,Saint Petersburg,Florida
95426,Cobb,California
32444,Lynn Haven,Florida
80264,Denver,Colorado
52583,Promise City,Iowa
61326,Granville,Illinois
85135,Hayden,Arizona
62921,Colp,Illinois
31309,Fleming,Georgia
62275,Pocahontas,Illinois
50454,Little Cedar,Iowa
30566,Oakwood,Georgia
83810,Cataldo,Idaho
50271,Williams,Iowa
61606,Peoria,Illinois
92821,Brea,California
61345,Neponset,Illinois
50222,Peru,Iowa
93442,Morro Bay,California
52745,Dixon,Iowa
31220,Macon,Georgia
93660,San Joaquin,California
96783,Pepeekeo,Hawaii
86502,Chambers,Arizona
85027,Phoenix,Arizona
52352,Walker,Iowa
95956,Meadow Valley,California
33755,Clearwater,Florida
72482,Williford,Arkansas
93022,Oak View,California
33193,Miami,Florida
20260,Washington,District of Columbia
85225,Chandler,Arizona
80830,Matheson,Colorado
71851,Mineral Springs,Arkansas
92276,Thousand Palms,California
46340,Hanna,Indiana
81092,Wiley,Colorado
50039,Bouton,Iowa
